id,name,year,rating,runtime,genres,url,seed,score,x,y,nearest,shared,words,rank,loo_min,loo_max,loo_top20,themes,affinities
71213,Out There,2025,6.1,47.0,"['Drama', 'Crime', 'Thriller']",https://www.tvmaze.com/shows/71213/out-there,False,47.87,50.89,29.46,Ozark,"['Crime / illicit enterprise', 'Money / class', 'Family ties', 'Danger / survival']","['moving', 'money', 'family']",1,1,7,6,"[1, 1, 1, 0, 0, 1, 0, 0, 0, 0, 0, 0]","[63.33, 55.17, 34.17, 25.83, 33.09, 25.83]"
14117,Trust,2018,6.2,60.0,"['Drama', 'Crime']",https://www.tvmaze.com/shows/14117/trust,False,46.51,47.65,34.48,Breaking Bad,"['Crime / illicit enterprise', 'Money / class', 'Family ties', 'Power / ambition', 'Danger / survival', 'Friendship / youth']","['iii', 'family', 'explores', 'teenage', 'man']",2,1,10,6,"[1, 1, 1, 1, 0, 1, 0, 0, 1, 0, 0, 0]","[50.29, 57.7, 34.96, 32.39, 36.58, 32.06]"
53750,Kin,2021,7.6,64.0,"['Drama', 'Crime']",https://www.tvmaze.com/shows/53750/kin,False,46.17,48.64,32.43,Breaking Bad,"['Crime / illicit enterprise', 'Money / class', 'Family ties', 'Power / ambition', 'Danger / survival']","['world drugs', 'kingpin', 'drug', 'drugs', 'family']",3,2,4,6,"[1, 1, 1, 1, 0, 1, 0, 0, 0, 0, 0, 0]","[52.92, 56.66, 36.33, 25.86, 39.0, 34.88]"
2601,Hiding,2015,7.0,60.0,"['Drama', 'Crime']",https://www.tvmaze.com/shows/2601/hiding,False,45.17,48.36,30.76,Ozark,"['Crime / illicit enterprise', 'Money / class', 'Family ties', 'Danger / survival']",['family'],4,2,12,6,"[1, 1, 1, 0, 0, 1, 0, 0, 0, 0, 0, 0]","[56.23, 50.25, 38.59, 27.71, 33.81, 27.86]"
16077,Riviera,2017,7.3,60.0,"['Drama', 'Crime', 'Thriller']",https://www.tvmaze.com/shows/16077/riviera,False,44.85,49.34,26.92,Ozark,"['Crime / illicit enterprise', 'Money / class', 'Family ties', 'Danger / survival']",['family'],5,3,15,6,"[1, 1, 1, 0, 1, 1, 0, 0, 0, 0, 0, 0]","[56.62, 51.26, 40.15, 23.99, 29.85, 31.81]"
46514,Framed,1992,,60.0,"['Drama', 'Crime', 'Thriller']",https://www.tvmaze.com/shows/46514/framed,False,44.39,49.04,28.54,Breaking Bad,"['Crime / illicit enterprise', 'Money / class', 'Family ties', 'Power / ambition', 'Danger / survival']",['wife'],6,5,11,6,"[1, 1, 1, 1, 0, 1, 0, 1, 0, 0, 0, 0]","[53.58, 54.37, 39.18, 22.62, 34.45, 29.77]"
33487,Gangs of London,2020,7.7,56.0,"['Drama', 'Crime', 'Thriller']",https://www.tvmaze.com/shows/33487/gangs-of-london,False,43.8,45.45,28.89,Breaking Bad,"['Crime / illicit enterprise', 'Family ties', 'Power / ambition', 'Danger / survival']","['power', 'family', 'crime', 'world', 'dangerous']",7,4,18,6,"[1, 0, 1, 1, 0, 1, 0, 0, 0, 0, 0, 0]","[53.57, 55.83, 26.95, 17.45, 40.34, 36.03]"
75026,MobLand,2025,8.0,46.0,"['Drama', 'Crime']",https://www.tvmaze.com/shows/75026/mobland,False,43.7,47.69,30.13,Breaking Bad,"['Crime / illicit enterprise', 'Money / class', 'Family ties', 'Power / ambition', 'Danger / survival']","['family', 'man', 'follows']",8,4,16,6,"[1, 1, 1, 1, 1, 1, 0, 0, 0, 0, 0, 0]","[49.74, 50.96, 42.38, 24.49, 35.77, 39.44]"
67239,White Lies,2024,6.5,60.0,"['Drama', 'Crime', 'Thriller']",https://www.tvmaze.com/shows/67239/white-lies,False,43.69,49.38,27.13,Breaking Bad,"['Crime / illicit enterprise', 'Money / class', 'Family ties', 'Danger / survival', 'Friendship / youth']","['teenage', 'crime', 'world']",9,6,19,6,"[1, 1, 1, 0, 1, 1, 0, 1, 1, 0, 0, 0]","[51.83, 52.99, 43.33, 28.18, 26.08, 28.61]"
24846,Would Be Kings,2008,,120.0,"['Drama', 'Crime']",https://www.tvmaze.com/shows/24846/would-be-kings,False,43.6,46.05,34.62,Breaking Bad,"['Crime / illicit enterprise', 'Money / class', 'Family ties', 'Power / ambition', 'Danger / survival', 'Friendship / youth']","['drug', 'drugs', 'stage', 'power', 'family']",10,3,24,5,"[1, 1, 1, 1, 1, 1, 1, 1, 1, 1, 0, 0]","[45.72, 49.89, 42.55, 33.78, 35.45, 32.75]"
34448,Giri/Haji,2019,7.7,56.0,"['Drama', 'Crime', 'Thriller']",https://www.tvmaze.com/shows/34448/girihaji,False,43.52,49.27,25.31,Ozark,"['Crime / illicit enterprise', 'Money / class', 'Family ties', 'Danger / survival']",['family'],11,5,28,4,"[1, 1, 1, 0, 1, 1, 0, 1, 0, 0, 0, 0]","[53.96, 48.61, 45.24, 22.62, 28.01, 29.77]"
2705,Narcos,2015,8.4,52.0,"['Drama', 'Action', 'Crime']",https://www.tvmaze.com/shows/2705/narcos,False,43.35,45.44,33.09,Ozark,"['Crime / illicit enterprise', 'Money / class', 'Family ties', 'Danger / survival']",['family'],12,7,19,6,"[1, 1, 1, 0, 0, 1, 0, 0, 0, 0, 0, 0]","[52.22, 48.64, 35.45, 25.83, 40.34, 26.08]"
58880,Hidden Assets,2021,7.2,56.0,"['Drama', 'Crime']",https://www.tvmaze.com/shows/58880/hidden-assets,False,43.28,48.79,29.35,Breaking Bad,"['Crime / illicit enterprise', 'Money / class', 'Family ties', 'Power / ambition', 'Danger / survival']","['financial', 'drug', 'family', 'power', 'world']",13,6,31,5,"[1, 1, 1, 1, 1, 1, 0, 1, 0, 0, 0, 0]","[48.37, 49.07, 48.94, 24.57, 34.14, 37.54]"
51246,Telltale,1993,,50.0,"['Drama', 'Crime', 'Thriller']",https://www.tvmaze.com/shows/51246/telltale,False,43.18,45.78,26.94,Ozark,"['Crime / illicit enterprise', 'Family ties', 'Danger / survival']",['family'],14,9,44,5,"[1, 0, 1, 0, 0, 1, 0, 0, 0, 0, 0, 0]","[56.17, 50.81, 30.37, 18.44, 35.44, 28.54]"
53147,Black Bird,2022,8.0,58.0,"['Drama', 'Crime', 'Thriller']",https://www.tvmaze.com/shows/53147/black-bird,False,43.12,44.66,28.98,Breaking Bad,"['Crime / illicit enterprise', 'Family ties', 'Danger / survival', 'Friendship / youth']","['security', 'enter', 'given', 'drug', 'son']",15,7,50,5,"[1, 0, 1, 0, 0, 1, 0, 0, 1, 0, 0, 0]","[51.25, 55.97, 26.77, 25.83, 32.13, 26.51]"
81770,Safe Harbor,2025,6.9,52.0,"['Drama', 'Crime', 'Thriller']",https://www.tvmaze.com/shows/81770/safe-harbor,False,43.1,44.74,29.51,Breaking Bad,"['Crime / illicit enterprise', 'Family ties', 'Danger / survival', 'Friendship / youth']","['drug', 'dangerous', 'family', 'world']",16,6,26,4,"[1, 0, 1, 0, 0, 1, 0, 0, 1, 0, 0, 0]","[53.38, 55.42, 25.42, 26.45, 32.58, 26.07]"
83331,The Westies,2026,7.5,53.0,"['Drama', 'Crime']",https://www.tvmaze.com/shows/83331/the-westies,False,43.03,47.63,29.05,Ozark,"['Crime / illicit enterprise', 'Money / class', 'Family ties', 'Danger / survival']",[],17,9,26,4,"[1, 1, 1, 0, 0, 1, 0, 1, 0, 0, 0, 0]","[51.72, 47.1, 44.07, 26.89, 31.21, 26.54]"
3552,Criminal Justice,2008,7.9,60.0,"['Drama', 'Crime', 'Thriller']",https://www.tvmaze.com/shows/3552/criminal-justice,False,42.88,44.32,28.45,Breaking Bad,"['Crime / illicit enterprise', 'Family ties', 'Power / ambition', 'Danger / survival']","['follows', 'man', 'crime']",18,10,34,4,"[1, 0, 1, 1, 0, 1, 0, 0, 0, 0, 0, 0]","[52.34, 54.76, 25.85, 17.08, 39.82, 35.12]"
79127,M.I.A.,2026,6.8,44.0,"['Drama', 'Crime', 'Thriller']",https://www.tvmaze.com/shows/79127/mia,False,42.87,44.32,28.36,Breaking Bad,"['Crime / illicit enterprise', 'Family ties', 'Power / ambition', 'Danger / survival']","['drug', 'dangerous', 'family']",19,8,33,4,"[1, 0, 1, 1, 0, 1, 0, 0, 0, 0, 0, 0]","[52.68, 54.88, 25.42, 17.08, 39.64, 34.58]"
67127,Unseen,2023,6.9,44.0,"['Drama', 'Crime', 'Thriller']",https://www.tvmaze.com/shows/67127/unseen,False,42.39,44.43,26.94,Ozark,"['Crime / illicit enterprise', 'Family ties', 'Danger / survival']",[],20,15,65,4,"[1, 0, 1, 0, 0, 1, 0, 0, 0, 0, 0, 0]","[55.31, 49.75, 28.22, 18.44, 35.44, 28.54]"
39441,Carl Weber's The Family Business,2018,5.0,55.0,"['Drama', 'Crime', 'Thriller']",https://www.tvmaze.com/shows/39441/carl-webers-the-family-business,False,42.22,45.22,26.45,Breaking Bad,"['Crime / illicit enterprise', 'Family ties', 'Power / ambition', 'Danger / survival']","['family', 'drug', 'dangerous', 'live']",21,14,39,3,"[1, 0, 1, 1, 1, 1, 0, 0, 0, 0, 0, 0]","[50.19, 52.33, 33.14, 16.16, 36.73, 40.5]"
47259,Duster,2025,6.4,49.0,"['Drama', 'Crime']",https://www.tvmaze.com/shows/47259/duster,False,42.12,43.8,28.93,Ozark,"['Crime / illicit enterprise', 'Family ties', 'Danger / survival']","['dangerous', 'family']",22,17,60,2,"[1, 0, 1, 0, 0, 1, 0, 0, 0, 0, 0, 0]","[53.17, 47.46, 30.77, 20.31, 37.54, 30.7]"
299,Power,2014,7.9,60.0,"['Drama', 'Crime']",https://www.tvmaze.com/shows/299/power,False,42.1,45.8,29.18,Breaking Bad,"['Crime / illicit enterprise', 'Money / class', 'Family ties', 'Power / ambition', 'Danger / survival']","['kingpin', 'drug', 'new', 'family']",23,13,35,1,"[1, 1, 1, 1, 1, 1, 0, 0, 0, 0, 1, 0]","[47.17, 49.29, 40.93, 23.43, 34.92, 37.09]"
6764,Hap and Leonard,2016,7.6,60.0,"['Drama', 'Crime', 'Thriller']",https://www.tvmaze.com/shows/6764/hap-and-leonard,False,41.82,44.42,28.09,Breaking Bad,"['Money / class', 'Family ties', 'Danger / survival', 'Friendship / youth']","['white', 'follows', 'wife']",24,13,57,2,"[0, 1, 1, 0, 1, 1, 0, 0, 1, 0, 0, 0]","[48.48, 51.89, 32.89, 33.25, 22.93, 32.16]"
43819,Top Boy,2019,7.5,54.0,"['Drama', 'Crime', 'Thriller']",https://www.tvmaze.com/shows/43819/top-boy,False,41.75,47.45,23.18,Breaking Bad,"['Crime / illicit enterprise', 'Money / class', 'Power / ambition', 'Danger / survival']","['drug', 'power']",25,18,49,1,"[1, 1, 0, 1, 1, 1, 0, 0, 0, 0, 0, 0]","[50.2, 52.0, 40.15, 16.16, 30.2, 31.81]"
42559,Deadwater Fell,2020,7.0,60.0,"['Drama', 'Crime']",https://www.tvmaze.com/shows/42559/deadwater-fell,False,41.65,43.15,28.81,Ozark,"['Crime / illicit enterprise', 'Family ties', 'Danger / survival']","['community', 'family']",26,20,81,1,"[1, 0, 1, 0, 0, 1, 0, 0, 0, 0, 0, 0]","[52.41, 46.25, 30.78, 20.31, 37.32, 31.71]"
12323,StartUp,2016,7.7,54.0,"['Drama', 'Crime', 'Thriller']",https://www.tvmaze.com/shows/12323/startup,False,41.59,48.02,23.17,Ozark,"['Crime / illicit enterprise', 'Money / class', 'Danger / survival']","['dirty', 'money', 'dangerous']",27,21,49,0,"[1, 1, 0, 1, 0, 1, 0, 1, 0, 0, 0, 0]","[51.9, 51.57, 40.57, 16.16, 30.19, 24.18]"
38635,Prodigal Son,2019,7.7,60.0,"['Drama', 'Crime']",https://www.tvmaze.com/shows/38635/prodigal-son,False,41.44,42.8,30.3,Ozark,"['Crime / illicit enterprise', 'Family ties', 'Danger / survival']",['family'],28,21,67,0,"[1, 0, 1, 0, 0, 1, 0, 0, 0, 0, 0, 0]","[51.08, 46.0, 31.31, 21.68, 38.91, 30.41]"
17313,Shoot the Messenger,2016,5.8,60.0,"['Drama', 'Crime', 'Thriller']",https://www.tvmaze.com/shows/17313/shoot-the-messenger,False,41.38,44.48,26.45,Breaking Bad,"['Crime / illicit enterprise', 'Family ties', 'Power / ambition', 'Danger / survival']","['crime', 'power', 'follows', 'family', 'lives']",29,25,67,0,"[1, 0, 1, 1, 0, 1, 0, 1, 0, 0, 0, 0]","[48.75, 51.77, 32.93, 16.16, 36.74, 31.99]"
2361,The Widower,2014,8.0,60.0,"['Drama', 'Crime', 'Thriller']",https://www.tvmaze.com/shows/2361/the-widower,False,41.37,44.69,24.45,Ozark,"['Crime / illicit enterprise', 'Family ties', 'Danger / survival']",['moving'],30,25,98,0,"[1, 0, 1, 0, 1, 1, 0, 0, 0, 0, 0, 0]","[52.81, 46.88, 34.38, 17.08, 31.81, 34.82]"
3999,The Philanthropist,2009,6.0,60.0,"['Drama', 'Action', 'Adventure']",https://www.tvmaze.com/shows/3999/the-philanthropist,False,41.37,31.77,43.17,Black Sails,"['Crime / illicit enterprise', 'Family ties', 'Power / ambition', 'Danger / survival', 'Adventure / quest']","['power', 'young', 'way']",31,9,397,3,"[1, 1, 1, 1, 0, 1, 1, 0, 1, 0, 1, 0]","[34.25, 39.95, 21.11, 33.08, 53.26, 35.38]"
19669,Ice,2016,7.1,60.0,"['Drama', 'Crime']",https://www.tvmaze.com/shows/19669/ice,False,41.2,42.9,29.11,Ozark,"['Crime / illicit enterprise', 'Family ties', 'Danger / survival']",['family'],32,27,71,0,"[1, 0, 1, 0, 0, 1, 0, 0, 0, 0, 0, 0]","[51.18, 47.01, 30.52, 20.71, 37.51, 30.41]"
65087,Joan,2024,5.7,46.0,"['Drama', 'Crime']",https://www.tvmaze.com/shows/65087/joan,False,41.16,42.85,29.48,Ozark,"['Crime / illicit enterprise', 'Family ties', 'Danger / survival']",[],33,28,64,0,"[1, 0, 1, 0, 0, 1, 0, 0, 0, 0, 0, 0]","[50.72, 46.69, 31.13, 20.31, 38.65, 30.86]"
2415,Snowfall,2017,8.0,64.0,"['Drama', 'Crime']",https://www.tvmaze.com/shows/2415/snowfall,False,41.05,40.23,36.23,Breaking Bad,"['Crime / illicit enterprise', 'Family ties', 'Power / ambition', 'Danger / survival']","['power', 'crime', 'follows', 'family']",34,21,83,0,"[1, 0, 1, 1, 0, 1, 1, 0, 0, 0, 0, 0]","[44.94, 47.34, 28.4, 25.86, 46.61, 34.5]"
44042,Ripley,2024,7.0,56.0,"['Drama', 'Crime', 'Thriller']",https://www.tvmaze.com/shows/44042/ripley,False,41.0,44.58,24.98,Ozark,"['Money / class', 'Family ties', 'Danger / survival']",[],35,20,72,1,"[0, 1, 1, 0, 1, 1, 0, 0, 0, 0, 0, 0]","[51.25, 47.82, 34.67, 25.83, 24.14, 34.77]"
56187,City on Fire,2023,5.7,51.0,"['Drama', 'Crime', 'Thriller']",https://www.tvmaze.com/shows/56187/city-on-fire,False,41.0,47.26,25.67,Breaking Bad,"['Crime / illicit enterprise', 'Money / class', 'Family ties', 'Friendship / youth']","['crime', 'family']",36,16,92,1,"[1, 1, 1, 0, 1, 0, 0, 1, 1, 0, 0, 0]","[46.81, 48.9, 46.08, 30.24, 21.11, 23.07]"
3527,Garage Sale Mystery,2013,7.5,120.0,"['Drama', 'Crime', 'Mystery']",https://www.tvmaze.com/shows/3527/garage-sale-mystery,False,40.95,41.95,36.8,Ozark,"['Crime / illicit enterprise', 'Money / class', 'Family ties', 'Danger / survival']",['dangerous'],37,16,100,1,"[1, 1, 1, 0, 0, 1, 1, 1, 0, 0, 0, 0]","[46.05, 41.03, 38.78, 39.59, 34.0, 22.76]"
79884,Art Detectives,2025,7.5,46.0,"['Drama', 'Crime']",https://www.tvmaze.com/shows/79884/art-detectives,False,40.94,45.29,27.49,Ozark,"['Crime / illicit enterprise', 'Money / class', 'Family ties', 'Danger / survival']",['world'],38,24,76,0,"[1, 1, 1, 0, 0, 1, 0, 1, 0, 1, 0, 0]","[49.43, 44.58, 41.85, 24.88, 30.09, 24.84]"
45500,Landscapers,2021,6.5,46.0,"['Drama', 'Crime']",https://www.tvmaze.com/shows/45500/landscapers,False,40.94,42.76,28.81,Ozark,"['Crime / illicit enterprise', 'Family ties', 'Danger / survival']",[],39,33,74,0,"[1, 0, 1, 0, 0, 1, 0, 0, 0, 0, 0, 0]","[50.72, 47.05, 30.52, 20.31, 37.32, 30.41]"
45975,The Cleaning Lady,2022,7.0,59.0,"['Drama', 'Crime']",https://www.tvmaze.com/shows/45975/the-cleaning-lady,False,40.93,42.75,28.81,Ozark,"['Crime / illicit enterprise', 'Family ties', 'Danger / survival']",[],40,34,80,0,"[1, 0, 1, 0, 0, 1, 0, 0, 0, 0, 0, 0]","[50.72, 46.23, 31.31, 20.31, 37.32, 30.41]"
16078,Tin Star,2017,7.1,58.0,"['Drama', 'Crime', 'Thriller']",https://www.tvmaze.com/shows/16078/tin-star,False,40.84,44.85,24.55,Ozark,"['Crime / illicit enterprise', 'Family ties', 'Danger / survival']","['family', 'world']",41,30,93,0,"[1, 0, 1, 0, 0, 1, 0, 1, 0, 0, 0, 0]","[51.9, 47.99, 34.66, 17.08, 32.01, 27.06]"
67534,Rebus,2024,6.7,46.0,"['Drama', 'Crime', 'Thriller']",https://www.tvmaze.com/shows/67534/rebus,False,40.83,45.47,25.74,Breaking Bad,"['Crime / illicit enterprise', 'Money / class', 'Family ties', 'Power / ambition']","['family man', 'man', 'follows', 'family', 'world']",42,30,95,0,"[1, 1, 1, 1, 0, 0, 0, 1, 0, 1, 0, 0]","[47.1, 50.63, 38.68, 23.29, 28.2, 23.16]"
80725,Task,2025,7.4,64.0,"['Drama', 'Crime']",https://www.tvmaze.com/shows/80725/task,False,40.79,46.97,26.78,Better Call Saul,"['Crime / illicit enterprise', 'Money / class', 'Law / investigation']","['man', 'working', 'set']",43,24,125,0,"[1, 1, 1, 0, 0, 0, 0, 1, 0, 0, 0, 0]","[47.23, 45.46, 48.22, 27.71, 25.86, 19.32]"
70235,The Gathering,2024,6.8,47.0,"['Drama', 'Crime']",https://www.tvmaze.com/shows/70235/the-gathering,False,40.77,42.0,30.7,Breaking Bad,"['Crime / illicit enterprise', 'Family ties', 'Danger / survival', 'Friendship / youth']","['teenage', 'crime']",44,30,84,0,"[1, 0, 1, 0, 0, 1, 0, 0, 1, 0, 0, 0]","[46.66, 49.91, 29.43, 27.71, 33.68, 28.01]"
70857,Virdee,2025,6.0,57.0,"['Drama', 'Crime']",https://www.tvmaze.com/shows/70857/virdee,False,40.7,41.64,35.12,Breaking Bad,"['Crime / illicit enterprise', 'Family ties', 'Power / ambition', 'Danger / survival']","['kingpin', 'drugs', 'family']",45,23,84,0,"[1, 0, 1, 1, 0, 1, 1, 1, 0, 0, 0, 0]","[44.23, 45.71, 34.96, 25.62, 44.62, 31.64]"
7972,Red Rock,2015,6.9,38.0,"['Drama', 'Crime']",https://www.tvmaze.com/shows/7972/red-rock,False,40.69,45.66,28.81,Breaking Bad,"['Crime / illicit enterprise', 'Money / class', 'Family ties', 'Power / ambition']","['crime', 'lives']",46,30,86,0,"[1, 1, 1, 1, 0, 0, 0, 1, 0, 0, 0, 0]","[46.25, 46.63, 44.09, 25.86, 31.77, 27.11]"
8307,The Last Don,1997,,120.0,"['Drama', 'Crime']",https://www.tvmaze.com/shows/8307/the-last-don,False,40.64,42.78,29.35,Breaking Bad,"['Crime / illicit enterprise', 'Family ties', 'Power / ambition', 'Danger / survival']","['family', 'man', 'son', 'new']",47,26,68,0,"[1, 0, 1, 1, 1, 1, 0, 0, 0, 0, 0, 0]","[44.66, 47.27, 36.42, 18.47, 40.23, 43.44]"
57123,A Town Called Malice,2023,7.8,51.0,"['Drama', 'Crime', 'Thriller']",https://www.tvmaze.com/shows/57123/a-town-called-malice,False,40.56,44.46,24.45,Ozark,"['Crime / illicit enterprise', 'Family ties', 'Danger / survival']",['family'],48,35,109,0,"[1, 0, 1, 0, 0, 1, 0, 1, 0, 0, 0, 0]","[51.64, 47.34, 34.39, 17.08, 31.81, 26.72]"
1287,The Black Donnellys,2007,7.6,60.0,"['Drama', 'Crime']",https://www.tvmaze.com/shows/1287/the-black-donnellys,False,40.56,43.99,34.65,Better Call Saul,"['Crime / illicit enterprise', 'Money / class', 'Law / investigation']","['jimmy', 'ends', 'working', 'make']",49,22,113,0,"[1, 1, 1, 0, 0, 0, 1, 1, 1, 0, 0, 0]","[42.85, 44.49, 44.64, 39.71, 29.59, 18.18]"
7153,Killing Time,2011,7.8,60.0,"['Drama', 'Crime', 'Legal']",https://www.tvmaze.com/shows/7153/killing-time,False,40.53,45.53,20.78,Better Call Saul,"['Crime / illicit enterprise', 'Money / class', 'Law / investigation']","['jimmy', 'lawyer', 'small time', 'small', 'years']",50,23,549,0,"[1, 1, 0, 0, 0, 1, 0, 1, 0, 0, 0, 0]","[42.92, 38.94, 54.75, 17.08, 24.47, 17.26]"
